股票代號,股票名稱,產業,最新股價,漲跌幅%,5星總分,K值,D值,J值,MA5,MA20,均線差%,成交量,5日均量,量比,投信連買天數,投信淨買比%,外資連買天數,外資買超張數,投信買超張數,自營商買超張數,DIF,低流動性風險,均線過發散,黑名單否決,更新時間
3005,神基,電腦週邊,118.5,+1.28%,4.5,48.1,46.4,51.5,117.4,116.47,0.8,2274,1034.8,2.2,6,0.21,1,1140,5,47,0.6884,正常,正常,正常,2026-10-06
2330,台積電,半導體,2585.0,+0.39%,4.0,90.0,83.0,104.0,2530.0,2466.25,2.6,20802,24886.9,0.84,6,0.74,0,-1672,155,122,36.9597,正常,正常,正常,2026-10-06
2881,富邦金,金融保險,154.5,+1.64%,4.0,54.9,50.0,64.7,151.7,151.22,0.3,16607,13102.4,1.27,4,3.49,3,811,580,23,3.2248,正常,正常,正常,2026-10-06
2379,瑞昱,半導體,755.0,+0.00%,4.0,54.1,58.4,45.4,757.2,732.75,3.3,1574,2398.1,0.66,8,7.94,2,412,125,33,9.3225,正常,正常,正常,2026-10-06
2376,技嘉,電腦週邊,380.0,-2.19%,4.0,64.4,62.7,67.8,373.8,360.57,3.7,6692,7583.4,0.88,0,0.0,0,-832,-98,-179,6.7524,正常,正常,正常,2026-10-06
5269,祥碩,半導體,1470.0,-0.34%,4.0,42.3,52.9,20.9,1468.0,1441.0,1.9,318,269.2,1.18,3,2.2,2,10,7,-8,14.1172,⚠️低流動,正常,正常,2026-10-06
4961,天鈺,半導體,185.5,+0.82%,4.0,64.6,65.2,63.4,184.0,179.5,2.5,1205,1498.0,0.8,3,6.22,2,281,75,-3,4.2841,正常,正常,正常,2026-10-06
2395,研華,電腦週邊,738.0,-0.27%,3.5,68.5,67.0,71.5,728.6,697.7,4.4,2242,2511.9,0.89,2,2.9,0,-67,65,-48,19.7576,正常,正常,正常,2026-10-06
2890,永豐金,金融保險,45.4,+3.06%,3.5,44.2,40.6,51.2,44.28,44.41,0.3,20036,21268.0,0.94,5,10.81,1,2800,2166,837,0.8239,正常,正常,正常,2026-10-06
9945,潤泰新,其他,28.8,+0.52%,3.5,28.0,43.4,-2.8,29.05,28.68,1.3,2634,4931.1,0.53,5,27.56,1,139,726,52,0.2589,正常,正常,正常,2026-10-06
1513,中興電,電機機械,167.0,+0.30%,3.5,61.2,63.2,57.3,167.1,165.8,0.8,1608,1990.2,0.81,3,0.81,3,597,13,32,0.5921,正常,正常,正常,2026-10-06
2377,微星,電腦週邊,155.0,+0.00%,3.5,53.7,50.4,60.4,153.7,152.7,0.7,4877,4060.5,1.2,0,0.0,4,653,-794,-36,0.9578,正常,正常,正常,2026-10-06
2637,慧洋-KY,航運,100.0,+2.35%,3.5,40.6,35.0,51.8,97.64,99.54,1.9,3343,2278.7,1.47,0,0.0,3,731,-29,73,1.096,正常,正常,正常,2026-10-06
2360,致茂,其他電子,2350.0,+1.08%,3.5,46.4,39.1,61.0,2216.0,2227.75,0.5,1952,2852.6,0.68,0,0.0,5,166,-48,-26,41.1306,正常,正常,正常,2026-10-06
1477,聚陽,紡織,203.5,+3.04%,3.5,67.2,51.5,98.8,195.1,194.05,0.5,2256,1081.6,2.09,1,2.08,2,998,47,10,-1.5939,正常,正常,正常,2026-10-06
1304,台聚,塑膠,12.5,-0.79%,3.5,56.3,54.3,60.3,12.58,12.41,1.4,1369,2500.9,0.55,0,0.0,3,332,0,-2,0.069,正常,正常,正常,2026-10-06
2368,金像電,電子零組件,1260.0,+3.70%,3.5,83.5,76.3,97.8,1159.0,1078.45,7.5,21854,10332.6,2.12,2,12.1,0,-173,2644,-323,37.7134,正常,正常,正常,2026-10-06
2882,國泰金,金融保險,112.0,+0.45%,3.0,46.4,44.1,50.8,111.3,111.6,0.3,17740,17876.0,0.99,4,11.24,0,-520,1994,75,1.4775,正常,正常,正常,2026-10-06
2891,中信金,金融保險,68.4,+1.48%,3.0,22.6,27.8,12.1,67.88,68.57,1.0,30124,23593.1,1.28,8,4.43,1,9407,1335,466,0.3972,正常,正常,正常,2026-10-06
1301,台塑,塑膠,68.6,+0.15%,3.0,79.8,71.3,96.8,68.06,65.37,4.1,21618,32987.3,0.66,0,0.0,3,4003,0,366,1.6029,正常,正常,正常,2026-10-06
1504,東元,電機機械,71.1,+3.04%,3.0,59.5,41.8,94.7,69.6,69.72,0.2,7573,3702.4,2.05,1,0.08,5,2370,6,47,-0.1908,正常,正常,正常,2026-10-06
8016,矽創,半導體,296.0,+0.85%,3.0,90.0,81.7,106.6,290.6,283.1,2.6,560,418.2,1.34,7,9.74,4,95,55,1,0.2423,⚠️低流動,正常,正常,2026-10-06
2308,台達電,電子零組件,2050.0,+2.24%,3.0,80.6,77.3,87.2,1947.0,1816.0,7.2,15044,11104.5,1.35,10,4.32,2,645,649,-103,54.4374,正常,正常,正常,2026-10-06
2313,華通,電子零組件,252.0,+1.41%,3.0,75.2,60.8,104.0,235.5,227.57,3.5,97518,17992.3,5.42,3,3.37,3,18382,3285,319,3.6764,正常,正常,正常,2026-10-06
3044,健鼎,電子零組件,579.0,+3.95%,3.0,81.1,77.2,89.1,546.4,520.92,4.9,3955,2185.9,1.81,3,0.18,5,1142,7,14,20.4874,正常,正常,正常,2026-10-06
6239,力成,半導體,310.5,+4.37%,3.0,69.0,64.1,78.9,299.6,285.12,5.1,27368,16753.8,1.63,6,0.42,1,6904,116,1310,6.4398,正常,正常,正常,2026-10-06
6505,台塑化,油電燃氣,101.5,+2.94%,3.0,82.1,79.5,87.2,98.32,88.58,11.0,23836,32301.6,0.74,10,9.5,0,-708,2265,311,6.049,正常,正常,正常,2026-10-06
8046,南電,電子零組件,1505.0,+0.67%,3.0,90.5,88.2,95.2,1444.0,1195.5,20.8,7712,14914.8,0.52,5,6.9,9,261,532,-20,87.4604,正常,⚠️過發散,正常,2026-10-06
6213,聯茂,電子零組件,787.0,+4.79%,3.0,91.0,86.4,100.4,697.2,574.25,21.4,32340,22001.6,1.47,9,3.81,2,1830,1233,-48,61.5677,正常,⚠️過發散,正常,2026-10-06
2412,中華電,通信網路,145.5,+0.00%,2.5,68.3,72.7,59.6,145.2,143.32,1.3,7053,9882.8,0.71,1,1.52,5,2946,107,6,1.8778,正常,正常,正常,2026-10-06
2382,廣達,電腦週邊,333.5,+0.76%,2.5,17.9,26.4,0.9,332.8,337.5,1.4,9900,12384.1,0.8,5,3.09,1,2161,306,98,0.0476,正常,正常,正常,2026-10-06
2605,新興,航運,36.95,+5.12%,2.5,34.3,29.2,44.4,35.76,36.26,1.4,18808,7646.2,2.46,0,0.0,1,9995,0,185,0.2822,正常,正常,正常,2026-10-06
2408,南亞科,半導體,525.0,-0.94%,2.5,78.3,71.9,91.1,523.8,508.95,2.9,30801,34225.1,0.9,0,0.0,6,813,-506,-42,8.2682,正常,正常,正常,2026-10-06
2344,華邦電,半導體,177.5,-1.93%,2.5,74.1,73.0,76.2,179.4,175.0,2.5,58644,72214.6,0.81,0,0.0,6,7287,-10812,-270,1.3117,正常,正常,正常,2026-10-06
2301,光寶科,電腦週邊,299.0,+0.34%,2.5,60.2,46.4,87.6,288.5,285.3,1.1,17255,14558.5,1.19,1,0.64,0,-582,111,113,3.6586,正常,正常,正常,2026-10-06
3034,聯詠,半導體,537.0,-1.10%,2.5,38.2,44.6,25.5,542.0,545.0,0.6,1672,3000.1,0.56,4,6.4,0,-124,107,24,1.4436,正常,正常,正常,2026-10-06
2885,元大金,金融保險,69.3,+1.61%,2.5,33.2,29.8,40.0,68.04,69.32,1.8,18723,18867.3,0.99,1,0.76,2,7669,143,459,0.3052,正常,正常,正常,2026-10-06
1101,台泥,水泥,25.2,+0.80%,2.5,48.3,54.5,36.1,25.48,24.77,2.9,26891,50471.7,0.53,0,0.0,0,-975,-58,54,0.2714,正常,正常,正常,2026-10-06
3045,台灣大,通信網路,123.0,+0.41%,2.5,58.7,53.7,68.7,121.8,121.83,0.0,3586,6494.2,0.55,1,7.25,1,277,260,145,1.551,正常,正常,正常,2026-10-06
3481,群創,光電,51.1,-2.29%,2.5,50.7,57.8,36.6,52.64,49.94,5.4,126226,325648.6,0.39,0,0.0,0,-7403,-14,-821,0.8504,正常,正常,正常,2026-10-06
3231,緯創,電腦週邊,189.5,+0.00%,2.5,69.5,61.3,86.0,188.1,186.0,1.1,30083,39305.9,0.77,0,0.0,0,-3550,-1146,-53,1.5275,正常,正常,正常,2026-10-06
2006,東和鋼鐵,鋼鐵,86.6,+0.93%,2.5,54.6,55.8,52.2,85.8,84.11,2.0,778,1712.7,0.45,0,0.0,1,235,-18,-4,1.4342,正常,正常,正常,2026-10-06
6271,同欣電,電子零組件,238.5,+0.00%,2.5,70.3,65.2,80.6,233.7,228.18,2.4,4552,3305.2,1.38,0,0.0,2,631,0,-38,5.9849,正常,正常,正常,2026-10-06
2458,義隆,半導體,133.0,-0.75%,2.5,63.3,73.3,43.5,136.2,131.53,3.6,1104,1856.7,0.59,7,13.84,0,-114,153,-2,-1.0467,正常,正常,正常,2026-10-06
2606,裕民,航運,75.3,+1.35%,2.5,34.8,31.9,40.5,74.52,76.28,2.3,2710,2951.6,0.92,0,0.0,1,931,-4,-16,0.5127,正常,正常,正常,2026-10-06
3576,聯合再生,光電,18.4,-2.39%,2.5,58.3,65.8,43.4,18.96,17.52,8.2,13161,41272.4,0.32,0,0.0,0,-1159,0,0,0.4595,正常,正常,正常,2026-10-06
1476,儒鴻,紡織,290.0,+4.13%,2.5,56.8,36.1,98.4,279.0,284.07,1.8,2985,1244.4,2.4,0,0.0,3,584,-8,12,-8.5765,正常,正常,正常,2026-10-06
2883,開發金,金融保險,37.65,+0.94%,2.5,27.6,35.5,11.7,37.61,38.31,1.8,31272,59393.9,0.53,0,0.0,3,7063,-1478,832,0.9562,正常,正常,正常,2026-10-06
3017,奇鋐,電腦週邊,3685.0,+2.79%,2.5,77.2,70.4,90.9,3531.0,3400.75,3.8,3261,3753.2,0.87,2,7.91,2,147,258,2,120.9082,正常,正常,正常,2026-10-06
9933,中鼎,其他,45.25,-2.37%,2.5,59.4,52.0,74.2,43.95,41.83,5.1,7656,10101.6,0.76,0,0.0,5,76,-10,0,0.9604,正常,正常,正常,2026-10-06
2884,玉山金,金融保險,45.45,+1.45%,2.5,35.4,34.7,36.9,45.16,45.55,0.9,12126,26693.7,0.45,0,0.0,2,6248,-630,518,1.1536,正常,正常,正常,2026-10-06
2892,第一金,金融保險,38.55,+1.31%,2.5,18.3,26.0,2.9,38.5,38.99,1.3,13123,20566.5,0.64,0,0.0,1,5712,-2036,37,0.683,正常,正常,正常,2026-10-06
1102,亞泥,水泥,35.45,+0.85%,2.5,50.4,58.8,33.5,35.53,35.36,0.5,6938,7555.7,0.92,0,0.0,1,2039,-299,158,0.252,正常,正常,正常,2026-10-06
1303,南亞,塑膠,293.0,+2.45%,2.5,85.9,76.3,105.0,269.7,243.3,10.9,115483,78624.7,1.47,2,3.02,3,6555,3486,139,16.5181,正常,正常,正常,2026-10-06
2492,華新科,被動元件,389.5,+5.70%,2.5,77.4,63.6,105.2,349.6,320.65,9.0,56423,50517.4,1.12,0,0.0,1,1658,-98,122,15.0392,正常,正常,正常,2026-10-06
8150,南茂,半導體,127.5,+2.82%,2.5,85.1,83.2,88.7,121.7,101.5,19.9,77566,80415.6,0.96,4,0.06,1,7949,50,250,8.809,正常,⚠️過發散,正常,2026-10-06
6274,台燿,電子零組件,1755.0,-1.40%,2.5,90.8,85.5,101.5,1642.0,1461.5,12.4,17508,8286.1,2.11,3,8.33,0,-122,1458,-217,65.7671,正常,正常,正常,2026-10-06
3189,景碩,電子零組件,1070.0,-2.28%,2.5,81.3,82.6,78.8,1039.0,893.9,16.2,10027,24301.9,0.41,0,0.0,9,251,-814,-70,62.5942,正常,⚠️過發散,正常,2026-10-06
2317,鴻海,其他電子,256.0,+0.79%,2.0,54.6,56.5,50.9,253.3,251.45,0.7,96969,34435.7,2.82,0,0.0,0,-19983,-1141,349,0.7382,正常,正常,正常,2026-10-06
2454,聯發科,半導體,4920.0,-4.74%,2.0,37.4,49.5,13.2,4987.0,4831.75,3.2,9988,7702.7,1.3,0,0.0,0,-3912,-863,-6,221.3036,正常,正常,正常,2026-10-06
2880,華南金,金融保險,45.45,+1.91%,2.0,29.7,30.6,27.9,45.1,45.79,1.5,6779,12082.0,0.56,0,0.0,1,2551,-15,762,0.6593,正常,正常,正常,2026-10-06
2481,強茂,半導體,176.0,-2.49%,2.0,53.7,65.7,29.6,176.1,166.1,6.0,28775,31476.3,0.91,0,0.0,0,-6552,-35,-150,7.3537,正常,正常,正常,2026-10-06
6176,瑞儀,光電,91.5,-0.87%,2.0,30.6,32.8,26.2,91.74,91.88,0.2,745,1111.2,0.67,1,0.5,0,-291,4,-2,0.3538,正常,正常,正常,2026-10-06
1326,台化,塑膠,73.0,+1.96%,2.0,79.0,63.8,109.5,70.74,68.98,2.6,28012,32214.6,0.87,0,0.0,1,13371,0,183,1.5686,正常,正常,正常,2026-10-06
1717,長興,化學,74.9,+0.40%,2.0,72.2,69.3,78.0,74.24,72.02,3.1,9326,10042.1,0.93,0,0.0,3,1963,0,66,0.4825,正常,正常,正常,2026-10-06
2371,大同,電機機械,30.6,+1.49%,2.0,66.8,67.8,64.8,30.56,29.08,5.1,11394,21161.4,0.54,0,0.0,1,1131,-16,90,0.7766,正常,正常,正常,2026-10-06
2027,大成鋼,鋼鐵,47.7,-0.42%,2.0,56.0,57.6,52.8,47.83,47.36,1.0,5176,10986.5,0.47,0,0.0,1,817,-913,102,0.0156,正常,正常,正常,2026-10-06
3532,台勝科,半導體,467.0,-0.53%,2.0,61.2,64.4,54.9,471.4,439.65,7.2,5149,9190.2,0.56,0,0.0,1,21,-8,2,23.12,正常,正常,正常,2026-10-06
3702,大聯大,電子通路,119.0,+0.00%,2.0,80.3,80.8,79.3,118.0,111.9,5.5,2731,7014.8,0.39,1,1.36,2,261,37,56,2.7,正常,正常,正常,2026-10-06
2449,京元電子,半導體,298.0,+1.36%,2.0,31.2,44.0,5.6,295.6,284.43,3.9,23643,20248.3,1.17,0,0.0,0,-2700,-335,158,9.9515,正常,正常,正常,2026-10-06
3661,世芯-KY,半導體,4180.0,+5.82%,2.0,80.1,70.6,99.1,3889.0,3742.25,3.9,4017,1534.4,2.62,3,8.86,3,433,356,60,26.2827,正常,正常,正常,2026-10-06
2404,漢唐,其他電子,1335.0,+1.91%,2.0,87.2,85.7,90.3,1305.0,1152.75,13.2,1586,2514.0,0.63,0,0.0,4,645,-33,16,61.45,正常,正常,正常,2026-10-06
5880,合庫金,金融保險,25.95,+0.19%,1.5,18.7,23.2,9.8,26.02,26.73,2.7,12079,15344.3,0.79,0,0.0,0,-1076,-94,7,0.0002,正常,正常,正常,2026-10-06
2357,華碩,電腦週邊,1000.0,+0.50%,1.5,84.1,76.1,100.1,976.6,961.2,1.6,1559,2010.6,0.78,0,0.0,6,302,-8,-22,15.3187,正常,正常,正常,2026-10-06
3008,大立光,光電,6855.0,+1.86%,1.5,67.7,48.1,107.0,6405.0,6371.0,0.5,2186,2014.4,1.09,3,0.09,0,-215,2,17,134.9696,正常,正常,正常,2026-10-06
2603,長榮,航運,236.5,+0.85%,1.5,34.5,45.5,12.4,237.7,237.55,0.1,4243,6316.9,0.67,1,4.64,1,727,197,130,2.2142,正常,正常,正常,2026-10-06
2353,宏碁,電腦週邊,31.05,-1.11%,1.5,18.2,29.4,-4.3,31.47,31.6,0.4,15493,10372.8,1.49,1,0.05,0,-1867,7,105,0.0156,正常,正常,正常,2026-10-06
5876,上海商銀,金融保險,48.8,+0.31%,1.5,43.1,47.1,35.3,48.79,48.93,0.3,3118,6432.5,0.48,1,4.52,4,366,141,281,0.8755,正常,正常,正常,2026-10-06
4904,遠傳,通信網路,104.5,-0.95%,1.5,50.7,50.3,51.4,104.9,105.12,0.2,2753,4985.9,0.55,1,6.14,5,197,169,178,0.5451,正常,正常,正常,2026-10-06
6415,矽力-KY,半導體,449.5,+1.70%,1.5,63.4,51.0,88.3,427.7,419.73,1.9,2348,2180.4,1.08,0,0.0,0,-82,-3,49,-1.2493,正常,正常,正常,2026-10-06
6414,樺漢,電腦週邊,400.5,-1.72%,1.5,77.6,70.7,91.4,400.8,381.88,5.0,770,1945.0,0.4,0,0.0,2,32,-14,-22,0.9655,正常,正常,正常,2026-10-06
9939,宏全,其他,126.5,+0.00%,1.5,68.3,49.5,105.8,125.6,126.33,0.6,505,779.8,0.65,0,0.0,3,166,0,0,-1.3223,正常,正常,正常,2026-10-06
3596,智易,通信網路,156.0,+0.00%,1.5,51.5,43.2,68.3,154.4,154.5,0.1,2642,567.9,4.65,1,0.09,0,-234,2,-8,-2.1823,正常,正常,正常,2026-10-06
3035,智原,半導體,210.5,-2.55%,1.5,75.0,81.5,61.8,213.1,192.22,10.9,3929,5782.2,0.68,0,0.0,7,823,0,-65,9.6384,正常,正常,正常,2026-10-06
5434,崇越,電子通路,619.0,-0.16%,1.5,86.5,78.9,101.6,588.8,549.2,7.2,1137,963.3,1.18,0,0.0,4,48,-4,-45,17.7195,正常,正常,正常,2026-10-06
3711,日月光投控,半導體,744.0,+0.27%,1.5,84.4,83.1,86.8,722.4,662.75,9.0,9722,13684.7,0.71,0,0.0,5,1699,-1526,38,32.3593,正常,正常,正常,2026-10-06
2609,陽明,航運,59.2,+0.85%,1.5,27.5,30.1,22.4,59.16,59.41,0.4,14016,15588.1,0.9,0,0.0,1,5172,-89,113,0.554,正常,正常,正常,2026-10-06
2409,友達,光電,37.45,-4.10%,1.5,66.5,77.1,45.5,38.76,33.22,16.7,496835,714279.6,0.7,0,0.0,0,-87054,-17,-6329,3.0262,正常,⚠️過發散,正常,2026-10-06
6285,啟碁,通信網路,256.0,+2.61%,1.5,76.2,73.4,81.8,243.0,232.93,4.3,18965,3746.7,5.06,2,0.02,3,890,4,143,1.9824,正常,正常,正常,2026-10-06
2887,台新金,金融保險,41.45,+1.47%,1.5,22.9,25.6,17.5,41.21,42.55,3.1,23620,51600.0,0.46,0,0.0,2,3081,-225,783,0.5591,正常,正常,正常,2026-10-06
3443,創意,半導體,8375.0,-2.62%,1.5,77.0,80.2,70.6,8163.0,7203.0,13.3,1949,723.0,2.7,1,10.97,0,-137,214,2,718.9367,正常,正常,正常,2026-10-06
3037,欣興,電子零組件,1310.0,-1.13%,1.5,80.2,84.6,71.2,1266.0,1082.5,17.0,12776,16567.7,0.77,0,0.0,5,2957,-1901,-15,78.4269,正常,⚠️過發散,正常,2026-10-06
2303,聯電,半導體,147.5,-3.28%,1.0,31.5,49.6,-4.8,155.5,149.65,3.9,310621,151470.1,2.05,0,0.0,1,4720,-67563,2287,6.1895,正常,正常,正常,2026-10-06
2002,中鋼,鋼鐵,18.95,+0.26%,1.0,51.4,45.5,63.2,19.0,18.86,0.7,18408,42787.0,0.43,0,0.0,0,-813,-64,48,-0.022,正常,正常,正常,2026-10-06
2615,萬海,航運,111.5,+0.90%,1.0,12.3,20.0,-2.9,112.3,114.05,1.5,5606,6395.7,0.88,0,0.0,0,-878,-21,44,1.2701,正常,正常,正常,2026-10-06
2352,佳世達,電腦週邊,28.8,-0.52%,1.0,22.0,38.1,-10.2,29.14,29.01,0.4,5556,4132.0,1.34,1,0.09,0,-277,5,-9,0.0541,正常,正常,正常,2026-10-06
9904,寶成,其他,24.6,+1.23%,1.0,40.7,54.6,13.0,24.68,24.6,0.3,5458,9709.2,0.56,0,0.0,1,237,-80,293,0.0243,正常,正常,正常,2026-10-06
2345,智邦,通信網路,2050.0,-1.20%,1.0,72.9,57.9,103.0,1953.0,1912.25,2.1,3700,5773.9,0.64,0,0.0,2,31,-321,-20,-28.5131,正常,正常,正常,2026-10-06
6669,緯穎,電腦週邊,2290.0,+6.51%,1.0,47.1,27.3,86.5,2145.0,2207.25,2.8,5292,2025.4,2.61,0,0.0,0,-268,-9,14,-638.2847,正常,正常,正常,2026-10-06
3036,文曄,電子通路,215.0,+0.70%,1.0,86.8,84.6,91.2,212.0,201.7,5.1,4901,6911.4,0.71,0,0.0,0,-60,-203,21,3.674,正常,正常,正常,2026-10-06
6443,元晶,光電,28.0,-0.71%,1.0,54.4,63.6,36.2,28.32,26.0,8.9,6382,7481.7,0.85,0,0.0,0,-1444,0,0,0.6799,正常,正常,正常,2026-10-06
4749,新應材,半導體材料,801.0,-0.62%,1.0,80.4,68.6,104.1,783.0,751.1,4.2,661,1205.4,0.55,0,0.0,0,-144,-1,-12,4.0051,正常,正常,正常,2026-10-06
6282,康舒,電子零組件,43.8,-1.46%,1.0,59.0,56.6,63.8,43.89,43.2,1.6,4849,5527.6,0.88,0,0.0,0,-702,-7,-21,-0.3643,正常,正常,正常,2026-10-06
3163,波若威,通信網路,689.0,-2.82%,1.0,58.8,47.7,81.1,681.0,677.55,0.5,2182,3666.4,0.6,0,0.0,0,-42,-90,0,-9.0835,正常,正常,正常,2026-10-06
2014,中鴻,鋼鐵,16.95,+0.59%,1.0,61.7,64.7,55.6,17.08,16.79,1.7,1157,3502.7,0.33,0,0.0,1,349,0,0,0.0014,正常,正常,正常,2026-10-06
2327,國巨,被動元件,625.0,-0.16%,1.0,69.7,64.8,79.6,605.4,569.5,6.3,29671,62871.6,0.47,0,0.0,0,-308,-2283,-37,8.3478,正常,正常,正常,2026-10-06
3533,嘉澤,電子零組件,1865.0,-0.53%,1.0,86.2,83.4,91.7,1844.0,1675.0,10.1,1277,2151.0,0.59,2,2.9,0,-190,37,-22,36.7987,正常,正常,正常,2026-10-06
2474,可成,其他電子,206.0,-0.48%,1.0,25.0,34.2,6.7,206.8,206.88,0.0,1023,1389.5,0.74,0,0.0,0,-170,-40,3,0.822,正常,正常,正常,2026-10-06
8028,昇陽半導體,半導體,280.0,-0.53%,0.5,71.1,74.8,63.7,281.5,255.18,10.3,3368,9408.1,0.36,1,0.06,0,-239,2,-33,8.6734,正常,正常,正常,2026-10-06
2886,兆豐金,金融保險,49.3,+1.54%,0.0,16.9,17.7,15.3,48.94,50.3,2.7,22232,21953.1,1.01,0,0.0,4,12515,-5472,538,-0.0491,正常,正常,🔴否決黑名單,2026-10-06
1216,統一,食品,73.7,+1.38%,0.0,21.2,21.4,20.9,73.44,74.65,1.6,12823,9755.7,1.31,1,13.11,0,-944,1681,275,-0.7045,正常,正常,🔴否決黑名單,2026-10-06
2324,仁寶,電腦週邊,35.9,+0.28%,0.0,9.9,13.0,3.7,36.33,37.37,2.8,20010,36023.1,0.56,0,0.0,0,-3174,-10,367,-0.7147,正常,正常,🔴否決黑名單,2026-10-06
2337,旺宏,半導體,119.5,-1.65%,0.0,61.8,57.7,69.9,121.3,120.22,0.9,13171,21540.3,0.61,0,0.0,0,-321,-79,28,-0.8684,正常,正常,🔴否決黑名單,2026-10-06
2618,長榮航,航運,41.55,-0.84%,0.0,33.5,47.8,4.8,42.17,42.06,0.3,15337,15514.0,0.99,0,0.0,0,-177,-108,290,-0.0386,正常,正常,🔴否決黑名單,2026-10-06
2610,華航,航運,20.1,+0.00%,0.0,34.8,46.5,11.3,20.26,20.28,0.1,8515,11620.1,0.73,0,0.0,0,-2926,-223,5,-0.0954,正常,正常,🔴否決黑名單,2026-10-06
1402,遠東新,紡織,27.9,+0.54%,0.0,47.2,51.8,38.0,27.98,28.11,0.5,4059,7770.1,0.52,0,0.0,1,1614,-191,6,-0.101,正常,正常,🔴否決黑名單,2026-10-06
9910,豐泰,其他,66.3,-0.60%,0.0,16.0,29.3,-10.5,67.68,68.58,1.3,882,1122.0,0.79,0,0.0,0,-453,-64,0,-0.4152,正常,正常,🔴否決黑名單,2026-10-06
9921,巨大,其他,88.6,-0.56%,0.0,21.4,35.2,-6.4,90.8,91.89,1.2,1248,1276.7,0.98,0,0.0,0,-50,0,-9,-1.6476,正常,正常,🔴否決黑名單,2026-10-06
2912,統一超,貿易百貨,210.5,-0.24%,0.0,12.9,15.1,8.6,211.4,214.45,1.4,1566,1899.0,0.82,2,0.77,2,160,12,2,-2.3779,正常,正常,🔴否決黑名單,2026-10-06
5904,寶雅,貿易百貨,68.7,-0.15%,0.0,12.3,13.5,10.0,68.94,71.0,2.9,2690,4427.2,0.61,4,2.42,2,195,65,17,-27.5272,正常,正常,🔴否決黑名單,2026-10-06
1308,亞聚,塑膠,14.35,+0.35%,0.0,46.1,45.5,47.3,14.35,14.25,0.7,722,1259.2,0.57,0,0.0,1,353,0,4,0.0906,正常,正常,正常,2026-10-06
1722,台肥,化學,41.05,+0.49%,0.0,10.2,10.9,8.8,41.15,42.26,2.6,1760,2174.1,0.81,0,0.0,1,324,0,1,-0.9914,正常,正常,🔴否決黑名單,2026-10-06
6508,惠光,化學,26.05,-0.19%,0.0,20.0,36.9,-13.8,26.52,26.33,0.7,40,30.5,1.31,0,0.0,0,-5,0,-1,0.1894,⚠️低流動,正常,正常,2026-10-06
1503,士電,電機機械,197.0,+0.51%,0.0,40.6,34.3,53.2,197.0,198.82,0.9,568,703.9,0.81,1,2.47,1,83,14,13,-1.6472,正常,正常,🔴否決黑名單,2026-10-06
2201,裕隆,汽車,28.2,-0.53%,0.0,1.7,4.4,-3.7,28.73,29.6,2.9,3272,2845.8,1.15,0,0.0,1,562,0,-15,-0.2384,正常,正常,🔴否決黑名單,2026-10-06
3023,信邦,電子零組件,317.0,-1.71%,0.0,42.9,29.6,69.3,313.5,319.23,1.8,520,1020.8,0.51,0,0.0,0,-181,-3,7,-1.3425,正常,正常,🔴否決黑名單,2026-10-06
4938,和碩,電腦週邊,90.0,+1.47%,0.0,17.7,26.4,0.4,89.58,90.43,0.9,5832,7836.2,0.74,0,0.0,1,1019,-193,141,-0.0381,正常,正常,🔴否決黑名單,2026-10-06
2634,漢翔,航運,64.1,-0.77%,0.0,55.1,53.4,58.6,64.62,64.15,0.7,5164,7713.8,0.67,0,0.0,1,224,-4,-12,-0.2233,正常,正常,🔴否決黑名單,2026-10-06
2707,晶華,觀光,174.5,+0.00%,0.0,7.5,16.6,-10.5,175.1,176.8,1.0,79,102.8,0.77,0,0.0,0,-18,0,0,-1.0078,⚠️低流動,正常,🔴否決黑名單,2026-10-06
8464,億豐,其他,364.0,+0.41%,0.0,13.7,18.2,4.6,363.3,370.2,1.9,188,267.2,0.71,3,1.59,2,44,3,0,-2.0592,⚠️低流動,正常,🔴否決黑名單,2026-10-06
8932,智通,資訊服務,90.1,-1.42%,0.0,23.7,41.5,-11.8,91.4,91.77,0.4,818,965.2,0.85,0,0.0,0,-101,0,-108,-1.9508,正常,正常,🔴否決黑名單,2026-10-06
5388,中磊,通信網路,72.3,+0.84%,0.0,31.6,31.1,32.7,71.72,72.42,1.0,1271,1860.7,0.68,1,0.42,1,146,5,13,-1.579,正常,正常,🔴否決黑名單,2026-10-06
2312,金寶,電腦週邊,30.7,+0.00%,0.0,36.1,40.8,26.6,30.9,31.04,0.5,8031,5217.8,1.54,2,0.37,0,-2565,30,111,-0.3038,正常,正常,🔴否決黑名單,2026-10-06
9907,統一實,其他,14.7,-0.68%,0.0,25.5,28.9,18.7,14.84,14.97,0.9,1447,1364.2,1.06,0,0.0,0,-16,-33,0,-0.1016,正常,正常,🔴否決黑名單,2026-10-06
2367,燿華,電子零組件,47.65,-4.03%,0.0,85.7,81.4,94.5,45.87,42.37,8.3,38654,9948.2,3.89,0,0.0,0,-4612,0,-148,0.8957,正常,正常,正常,2026-10-06
2406,國碩,光電,31.55,+0.32%,0.0,78.3,80.1,74.9,31.41,28.8,9.1,9532,9036.4,1.05,0,0.0,0,-1015,0,-137,0.7087,正常,正常,正常,2026-10-06
6412,群電,電子零組件,74.0,-1.46%,0.0,38.5,48.9,17.8,74.7,74.4,0.4,985,482.3,2.04,1,0.52,0,-478,5,-23,-0.8468,⚠️低流動,正常,🔴否決黑名單,2026-10-06
2105,正新,橡膠,30.05,-0.33%,0.0,33.0,43.7,11.7,30.37,30.27,0.3,2739,3954.9,0.69,0,0.0,0,-1234,-188,151,-0.1707,正常,正常,🔴否決黑名單,2026-10-06
2207,和泰車,汽車,515.0,+0.98%,0.0,23.5,20.2,29.9,512.4,523.05,2.0,214,274.5,0.78,0,0.0,3,83,-8,-1,-2.3013,⚠️低流動,正常,🔴否決黑名單,2026-10-06
5871,中租-KY,其他,105.0,-0.47%,0.0,4.1,7.8,-3.4,106.2,109.83,3.3,6288,6146.4,1.02,0,0.0,0,-2708,-78,28,-2.0141,正常,正常,🔴否決黑名單,2026-10-06
1519,華城,電機機械,696.0,+0.72%,0.0,23.3,20.0,29.9,692.0,706.8,2.1,1069,1115.1,0.96,0,0.0,1,54,-3,7,-7.9586,正常,正常,🔴否決黑名單,2026-10-06
6206,飛捷,電腦週邊,135.5,-1.45%,0.0,19.2,34.8,-11.9,137.7,138.18,0.3,546,727.0,0.75,0,0.0,0,-117,-92,-5,-0.134,正常,正常,🔴否決黑名單,2026-10-06
2356,英業達,電腦週邊,58.6,+0.51%,0.0,7.8,9.7,4.0,59.02,61.21,3.6,12108,11224.6,1.08,0,0.0,0,-1432,-7,218,-1.5551,正常,正常,🔴否決黑名單,2026-10-06
2633,台灣高鐵,航運,25.65,+0.00%,0.0,41.6,34.4,56.1,25.7,25.81,0.4,3677,3855.2,0.95,0,0.0,0,-937,-722,0,-0.1066,正常,正常,🔴否決黑名單,2026-10-06
8112,至上,電子通路,84.0,-0.12%,0.0,72.9,60.3,98.0,83.76,84.22,0.5,3284,4981.7,0.66,0,0.0,0,-517,-31,-43,-1.4288,正常,正常,🔴否決黑名單,2026-10-06
2204,中華,汽車,51.1,+0.00%,0.0,13.1,19.6,0.0,51.68,52.45,1.5,453,747.9,0.61,0,0.0,1,83,-12,0,-0.4995,正常,正常,🔴否決黑名單,2026-10-06
